bioguide_id	icpsr	chamber	state_abbrev	district	party_code	party_name	dw_nominate	dw_nominate2
B000444	99913		USA	0	100		-0.32	0.283
R000575	20301	house	AL	3	200		0.379	0.377
S001185	21102	house	AL	7	100		-0.4	0.392
B001274	21193	house	AL	5	200		0.652	-0.417
P000609	21500	house	AL	6	200		0.675	0.108
C001054	22108	house	AL	1	200		0.55	0.239
M001212	22140	house	AL	2	200		0.645	-0.249
A000055	29701	house	AL	4	200		0.405	0.468
Y000033	14066	house	AK	1	200		0.283	0.022
P000619	22168	house	AK	1	100		-0.138	0.378
R000600	21995	house	AS	0	200		0.325	0.186
G000551	20305	house	AZ	3	100		-0.598	-0.264
K000368	20902	house	AZ	2	100		-0.169	-0.01
G000565	21103	house	AZ	4	200		0.703	-0.517
S001183	21105	house	AZ	6	200		0.553	-0.218
G000574	21502	house	AZ	7	100		-0.359	0.142
B001302	21705	house	AZ	5	200		0.818	-0.575
O000171	21739	house	AZ	1	100		-0.198	0.18
L000589	21757	house	AZ	8	200		0.616	-0.104
S001211	21968	house	AZ	9	100		-0.276	0.259
C001087	21106	house	AR	1	200		0.46	0.31
W000809	21108	house	AR	3	200		0.348	0.636
H001072	21503	house	AR	2	200		0.437	0.272
W000821	21563	house	AR	4	200		0.546	0.254
P000197	15448	house	CA	12	100		-0.489	-0.179
S001150	20104	house	CA	28	100		-0.353	-0.114
I000056	20107	house	CA	50	200		0.478	0.024
N000181	20307	house	CA	22	200		0.45	0.223
S001156	20310	house	CA	38	100		-0.508	-0.131
C001059	20501	house	CA	16	100		-0.198	0.448
M001163	20538	house	CA	6	100		-0.434	-0.142
M001166	20702	house	CA	9	100		-0.263	-0.159
M001165	20703	house	CA	23	200		0.453	0.233
S001175	20762	house	CA	14	100		-0.381	-0.41
M001177	20903	house	CA	4	200		0.671	-0.365
C001080	20955	house	CA	27	100		-0.482	-0.37
G000559	20958	house	CA	3	100		-0.314	-0.098
B001270	21110	house	CA	37	100		-0.584	-0.098
L000578	21302	house	CA	1	200		0.54	0.014
H001068	21303	house	CA	2	100		-0.431	-0.506
B001287	21304	house	CA	7	100		-0.247	0.009
S001193	21306	house	CA	15	100		-0.355	-0.049
V000129	21307	house	CA	21	200		0.258	0.438
B001285	21308	house	CA	26	100		-0.303	0.049
C001097	21309	house	CA	29	100		-0.39	-0.046
R000599	21311	house	CA	36	100		-0.259	0.046
T000472	21312	house	CA	41	100		-0.458	-0.328
L000579	21313	house	CA	47	100		-0.449	-0.384
V000130	21314	house	CA	51	100		-0.398	0.023
P000608	21315	house	CA	52	100		-0.193	-0.033
D000623	21504	house	CA	11	100		-0.514	-0.362
A000371	21506	house	CA	31	100		-0.323	0.14
L000582	21507	house	CA	33	100		-0.374	-0.205
T000474	21508	house	CA	35	100		-0.369	0.069
B001300	21703	house	CA	44	100		-0.502	-0.123
C001112	21709	house	CA	24	100		-0.325	0.102
C001110	21711	house	CA	46	100		-0.286	0.154
K000389	21728	house	CA	17	100		-0.456	-0.293
P000613	21740	house	CA	20	100		-0.29	0.189
G000585	21754	house	CA	34	100		-0.526	-0.259
H001090	21930	house	CA	10	100		-0.298	0.47
L000593	21939	house	CA	49	100		-0.317	0.162
P000618	21954	house	CA	45	100		-0.236	-0.332
G000061	21988	house	CA	25	200		0.356	0.097
J000305	22126	house	CA	53	100		-0.405	-0.426
K000397	22129	house	CA	39	200		0.255	0.374
O000019	22145	house	CA	8	200		0.316	0.284
S001135	22152	house	CA	48	200		0.37	0.275
C001128	22164	house	CA	22	200		0.376	0.295
W000187	29106	house	CA	43	100		-0.656	-0.095
E000215	29312	house	CA	18	100		-0.379	-0.372
R000486	29317	house	CA	40	100		-0.469	-0.171
C000059	29323	house	CA	42	200		0.339	0.276
L000397	29504	house	CA	19	100		-0.397	-0.402
S000344	29707	house	CA	30	100		-0.344	-0.137
L000551	29778	house	CA	13	100		-0.676	-0.582
T000460	29901	house	CA	5	100		-0.392	0.072
N000179	29903	house	CA	32	100		-0.448	-0.247
L000564	20704	house	CO	5	200		0.665	0.257
P000593	20705	house	CO	7	100		-0.282	0.072
B001297	21510	house	CO	4	200		0.655	-0.432
C001121	21912	house	CO	6	100		-0.356	0.199
N000191	21948	house	CO	2	100		-0.426	-0.101
B000825	22103	house	CO	3	200		0.736	-0.492
D000197	29710	house	CO	1	100		-0.431	-0.307
C001069	20706	house	CT	2	100		-0.337	0.041
H001047	20907	house	CT	4	100		-0.241	-0.21
H001081	21931	house	CT	5	100		-0.327	-0.05
D000216	29109	house	CT	3	100		-0.414	-0.108
L000557	29908	house	CT	1	100		-0.396	-0.039
B001303	21706	house	DE	1	100		-0.38	-0.137
N000147	21993	house	DC	0	100		-0.491	-0.114
D000600	20316	house	FL	25	200		0.281	0.158
W000797	20504	house	FL	23	100		-0.415	0.102
C001066	20708	house	FL	14	100		-0.438	0.072
B001260	20709	house	FL	16	200		0.361	-0.083
B001257	20758	house	FL	12	200		0.423	-0.03
P000599	20909	house	FL	8	200		0.533	-0.353
D000610	20959	house	FL	22	100		-0.401	-0.078
W000806	21116	house	FL	11	200		0.524	-0.079
W000808	21118	house	FL	24	100		-0.477	-0.006
F000462	21321	house	FL	21	100		-0.396	-0.024
C001111	21712	house	FL	13	100		-0.227	0.079
D000627	21713	house	FL	10	100		-0.322	-0.006
D000628	21714	house	FL	2	200		0.507	0.336
G000578	21719	house	FL	1	200		0.593	-0.643
L000586	21732	house	FL	5	100		-0.26	0.076
M001199	21735	house	FL	18	200		0.462	-0.346
M001202	21738	house	FL	7	100		-0.161	0.123
R000609	21744	house	FL	4	200		0.431	0.071
S001200	21746	house	FL	9	100		-0.349	0.197
S001214	21971	house	FL	17	200		0.693	-0.341
W000823	21981	house	FL	6	200		0.452	-0.113
C001039	22107	house	FL	3	200		0.592	-0.234
D000032	22111	house	FL	19	200		0.647	-0.27
F000472	22116	house	FL	15	200		0.624	0.191
G000593	22118	house	FL	26	200		0.331	0.136
S000168	22150	house	FL	27	200		0.272	0.162
C001127	22163	house	FL	20	100		-0.432	-0.031
H000324	29337	house	FL	20	100		-0.564	0.157
S001157	20321	house	GA	13	100		-0.304	0.168
J000288	20712	house	GA	4	100		-0.477	-0.053
S001189	21123	house	GA	8	200		0.537	0.363
C001103	21513	house	GA	1	200		0.557	0.346
H001071	21514	house	GA	10	200		0.797	-0.242
L000583	21515	house	GA	11	200		0.678	0.03
A000372	21516	house	GA	12	200		0.69	0.285
F000465	21717	house	GA	3	200		0.585	0.251
M001208	21944	house	GA	6	100		-0.355	0.288
B001312	22104	house	GA	7	100		-0.303	0.463
C001116	22110	house	GA	9	200		0.823	-0.141
G000596	22121	house	GA	14	200		0.8	-0.6
W000788	22156	house	GA	5	100		-0.44	-0.407
B000490	29339	house	GA	2	100		-0.287	0.446
S001204	21997	house	GU	0	100		-0.41	-0.52
C001055	20322	house	HI	1	100		-0.204	-0.085
K000396	22128	house	HI	2	100		-0.353	0.052
F000469	21920	house	ID	1	200		0.647	-0.097
S001148	29910	house	ID	2	200		0.296	0.312
F000454	20749	house	IL	11	100		-0.238	-0.225
Q000023	20954	house	IL	5	100		-0.326	-0.231
K000378	21128	house	IL	16	200		0.234	0.382
S001190	21326	house	IL	10	100		-0.195	-0.121
D000619	21328	house	IL	13	200		0.279	0.17
B001286	21329	house	IL	17	100		-0.239	0.054
K000385	21371	house	IL	2	100		-0.472	-0.022
B001295	21519	house	IL	12	200		0.398	-0.035
L000585	21562	house	IL	18	200		0.46	0.223
K000391	21730	house	IL	8	100		-0.345	-0.008
C001117	21906	house	IL	6	100		-0.639	0.425
G000586	21921	house	IL	4	100		-0.432	-0.885
U000040	21979	house	IL	14	100		-0.598	0.331
M001211	22138	house	IL	15	200		0.79	-0.151
N000192	22144	house	IL	3	100		-0.588	-0.303
R000515	29346	house	IL	1	100		-0.479	-0.203
D000096	29717	house	IL	7	100		-0.487	-0.266
S001145	29911	house	IL	9	100		-0.602	-0.291
C001072	20757	house	IN	7	100		-0.436	0.03
B001275	21132	house	IN	8	200		0.38	0.385
W000813	21330	house	IN	2	200		0.436	0.315
B001299	21702	house	IN	3	200		0.647	0.011
H001074	21725	house	IN	9	200		0.417	-0.243
B001307	21903	house	IN	4	200		0.445	0.415
P000615	21952	house	IN	6	200		0.5	0.237
M001214	22142	house	IN	1	100		-0.306	0.341
S000929	22151	house	IN	5	200		0.487	-0.268
Y000067	22171	house	IN	2	200		0.51	0.143
A000378	21902	house	IA	3	100		-0.25	0.528
F000446	22113	house	IA	4	200		0.469	0.165
H001091	22124	house	IA	1	200		0.349	0.349
M001215	22139	house	IA	2	200		0.336	0.195
E000298	21750	house	KS	4	200		0.648	0.108
D000629	21914	house	KS	3	100		-0.269	0.244
L000266	22130	house	KS	2	200		0.468	0.445
M000871	22134	house	KS	1	200		0.605	0.062
R000395	14854	house	KY	5	200		0.333	0.152
Y000062	20723	house	KY	3	100		-0.378	-0.275
G000558	20916	house	KY	2	200		0.428	0.269
B001282	21333	house	KY	6	200		0.486	0.299
C001108	21565	house	KY	1	200		0.592	-0.065
M001184	31102	house	KY	4	200		0.678	-0.735
S001176	20759	house	LA	1	200		0.558	0.165
R000588	21137	house	LA	2	100		-0.486	0.332
G000577	21523	house	LA	6	200		0.425	0.049
H001077	21724	house	LA	3	200		0.623	-0.315
J000299	21727	house	LA	4	200		0.565	0.021
L000595	22157	house	LA	5	200		0.425	0.342
C001125	22158	house	LA	2	100		-0.506	0.246
P000597	20920	house	ME	1	100		-0.423	-0.365
G000592	21923	house	ME	2	100		-0.104	0.373
H000874	14873	house	MD	5	100		-0.381	0.122
M000687	15433	house	MD	7	100		-0.44	-0.328
R000576	20329	house	MD	2	100		-0.299	0.12
S001168	20724	house	MD	3	100		-0.466	-0.078
H001052	21139	house	MD	1	200		0.673	-0.373
B001304	21707	house	MD	4	100		-0.344	-0.063
R000606	21741	house	MD	8	100		-0.511	-0.228
T000483	21978	house	MD	6	100		-0.348	0.23
N000015	15616	house	MA	1	100		-0.417	-0.106
L000562	20119	house	MA	8	100		-0.344	0.048
K000375	21140	house	MA	9	100		-0.329	-0.1
C001101	21375	house	MA	5	100		-0.481	-0.268
M001196	21525	house	MA	6	100		-0.286	-0.04
P000617	21955	house	MA	7	100		-0.369	-0.93
T000482	21977	house	MA	3	100		-0.422	-0.135
A000148	22100	house	MA	4	100		-0.293	-0.276
M000312	29729	house	MA	2	100		-0.538	-0.341
U000031	15446	house	MI	6	200		0.32	-0.355
W000798	20725	house	MI	7	200		0.499	0.159
H001058	21142	house	MI	2	200		0.532	0.047
K000380	21372	house	MI	5	100		-0.359	-0.183
M001194	21526	house	MI	4	200		0.448	0.165
D000624	21529	house	MI	12	100		-0.402	-0.189
L000581	21530	house	MI	14	100		-0.448	-0.039
B001301	21704	house	MI	1	200		0.432	0.083
L000592	21940	house	MI	9	100		-0.474	-0.563
S001208	21965	house	MI	8	100		-0.346	0.752
S001215	21972	house	MI	11	100		-0.391	0.273
T000481	21975	house	MI	13	100		-0.29	-0.957
M001136	22136	house	MI	10	200		0.55	0.157
M001186	22137	house	MI	3	200		0.245	0.213
M001143	20122	house	MN	4	100		-0.419	-0.185
E000294	21531	house	MN	6	200		0.466	-0.069
C001119	21910	house	MN	2	100		-0.266	0.581
H001088	21929	house	MN	1	200		0.477	0.345
O000173	21950	house	MN	5	100		-0.296	-0.955
P000616	21953	house	MN	3	100		-0.277	0.167
S001212	21969	house	MN	8	200		0.385	-0.103
F000470	22114	house	MN	7	200		0.537	-0.031
F000475	22167	house	MN	1	200		0.546	-0.046
P000601	21148	house	MS	4	200		0.535	0.45
K000388	21561	house	MS	1	200		0.637	0.293
G000591	21927	house	MS	3	200		0.53	0.114
T000193	29368	house	MS	2	100		-0.519	0.391
G000546	20124	house	MO	6	200		0.448	0.164
C001061	20517	house	MO	5	100		-0.453	-0.001
L000569	20926	house	MO	3	200		0.45	0.247
H001053	21149	house	MO	4	200		0.478	0.229
L000576	21150	house	MO	7	200		0.544	0.244
W000812	21337	house	MO	2	200		0.39	0.298
S001195	21373	house	MO	8	200		0.577	0.21
B001224	22106	house	MO	1	100		-0.247	-0.969
R000103	22148	house	MT	1	200		0.753	-0.658
F000449	20518	house	NE	1	200		0.304	-0.061
S001172	20729	house	NE	3	200		0.511	0.251
B001298	21701	house	NE	2	200		0.285	0.189
F000474	22166	house	NE	1	200		0.46	0.754
T000468	20927	house	NV	1	100		-0.297	-0.164
A000369	21196	house	NV	2	200		0.384	0.209
H001066	21339	house	NV	4	100		-0.32	0.152
L000590	21938	house	NV	3	100		-0.23	0.316
K000382	21340	house	NH	2	100		-0.264	-0.086
P000614	21951	house	NH	1	100		-0.239	0.347
S000522	14863	house	NJ	4	200		0.181	-0.173
P000034	15454	house	NJ	6	100		-0.402	-0.162
S001165	20542	house	NJ	8	100		-0.404	0.098
N000188	21536	house	NJ	1	100		-0.419	0.337
W000822	21538	house	NJ	12	100		-0.597	-0.222
G000583	21723	house	NJ	5	100		-0.163	0.21
K000394	21937	house	NJ	3	100		-0.399	0.241
M001203	21942	house	NJ	7	100		-0.272	0.121
S001207	21964	house	NJ	11	100		-0.235	0.244
P000096	29741	house	NJ	9	100		-0.369	-0.004
P000604	31103	house	NJ	10	100		-0.52	-0.096
V000133	91980	house	NJ	2	200		0.381	-0.434
H001080	21928	house	NM	1	100		-0.332	-0.233
H001084	22123	house	NM	2	200		0.936	0.352
L000273	22131	house	NM	3	100		-0.363	-0.195
S001218	22159	house	NM	1	100		-0.45	-0.195
H001038	20519	house	NY	26	100		-0.348	-0.032
C001067	20733	house	NY	9	100		-0.607	-0.26
T000469	20934	house	NY	20	100		-0.416	-0.262
R000585	21101	house	NY	23	200		0.269	0.12
M001188	21342	house	NY	6	100		-0.37	-0.206
J000294	21343	house	NY	8	100		-0.486	-0.066
M001185	21344	house	NY	18	100		-0.239	0.114
Z000017	21539	house	NY	1	200		0.397	-0.129
R000602	21540	house	NY	4	100		-0.28	0.039
S001196	21541	house	NY	21	200		0.305	-0.113
K000386	21542	house	NY	24	200		0.185	0.013
E000297	21715	house	NY	13	100		-0.53	-0.206
S001201	21747	house	NY	3	100		-0.215	0.145
T000478	21749	house	NY	22	200		0.463	0.012
M001206	21761	house	NY	25	100		-0.324	0.144
D000630	21916	house	NY	19	100		-0.233	0.277
O000172	21949	house	NY	14	100		-0.323	-0.947
J000020	21990	house	NY	27	200		0.306	0.049
B001223	22105	house	NY	16	100		-0.357	-0.934
G000597	22117	house	NY	2	200		0.245	0.239
J000306	22127	house	NY	17	100		-0.414	-0.533
M000317	22133	house	NY	11	200		0.338	-0.083
T000486	22154	house	NY	15	100		-0.308	-0.096
R000579	22169	house	NY	19	100		-0.237	0.258
S001219	22170	house	NY	23	200		0.545	0.047
N000002	29377	house	NY	10	100		-0.507	-0.479
V000081	29378	house	NY	7	100		-0.547	-0.367
M000087	29379	house	NY	12	100		-0.387	-0.285
M001137	29776	house	NY	5	100		-0.416	-0.063
P000523	15438	house	NC	4	100		-0.343	-0.03
B001251	20340	house	NC	1	100		-0.404	0.184
F000450	20521	house	NC	5	200		0.623	0.175
M001156	20522	house	NC	10	200		0.524	0.156
H001067	21346	house	NC	8	200		0.523	0.209
R000603	21544	house	NC	7	200		0.565	0.288
A000370	21545	house	NC	12	100		-0.462	-0.007
B001305	21708	house	NC	13	200		0.633	-0.076
B001311	21986	house	NC	9	200		0.703	-0.366
M001210	21987	house	NC	3	200		0.485	0.131
C001104	22109	house	NC	11	200		0.555	-0.243
M001135	22135	house	NC	6	100		-0.276	0.348
R000305	22149	house	NC	2	100		-0.381	-0.009
A000377	21901	house	ND	1	200		0.449	0.064
S001177	21996	house	MP	0	100		-0.419	-0.252
K000009	15029	house	OH	9	100		-0.343	0.132
T000463	20342	house	OH	10	200		0.266	0.254
R000577	20343	house	OH	13	100		-0.402	0.208
J000289	20738	house	OH	4	200		0.712	-0.182
L000566	20755	house	OH	5	200		0.509	0.285
F000455	20941	house	OH	11	100		-0.581	0.14
J000292	21162	house	OH	6	200		0.436	0.235
S001187	21163	house	OH	15	200		0.3	0.269
G000563	21165	house	OH	7	200		0.484	0.284
W000815	21351	house	OH	2	200		0.527	0.289
B001281	21352	house	OH	3	100		-0.436	0.015
J000295	21353	house	OH	14	200		0.252	0.315
D000626	21564	house	OH	8	200		0.654	-0.362
B001306	21759	house	OH	12	200		0.46	0.194
G000588	21924	house	OH	16	200		0.24	0.315
B001313	22161	house	OH	11	100		-0.453	-0.114
C001126	22162	house	OH	15	200		0.407	0.006
C000266	29550	house	OH	1	200		0.542	-0.137
C001053	20344	house	OK	4	200		0.323	0.412
M001190	21355	house	OK	2	200		0.533	0.252
H001082	21760	house	OK	1	200		0.68	-0.054
B000740	22102	house	OK	5	200		0.412	0.326
L000491	29393	house	OK	3	200		0.361	0.452
D000191	15410	house	OR	4	100		-0.427	-0.002
S001180	20944	house	OR	5	100		-0.182	0.054
B001278	21198	house	OR	1	100		-0.399	-0.417
B000668	22101	house	OR	2	200		0.478	0.263
B000574	29588	house	OR	3	100		-0.426	-0.626
T000467	20946	house	PA	15	200		0.335	0.335
K000376	21167	house	PA	16	200		0.377	0.396
P000605	21356	house	PA	10	200		0.684	-0.485
C001090	21358	house	PA	8	100		-0.344	0.042
B001296	21548	house	PA	2	100		-0.382	0.153
E000296	21566	house	PA	3	100		-0.469	-0.154
F000466	21718	house	PA	1	200		0.14	-0.104
S001199	21745	house	PA	11	200		0.453	0.136
L000588	21756	house	PA	17	100		-0.143	0.212
S001205	21762	house	PA	5	100		-0.452	-0.211
W000826	21763	house	PA	7	100		-0.261	0.305
D000631	21915	house	PA	4	100		-0.451	-0.069
H001085	21934	house	PA	6	100		-0.259	0.222
J000302	21936	house	PA	13	200		0.579	-0.028
M001204	21945	house	PA	9	200		0.492	0.197
R000610	21956	house	PA	14	200		0.444	0.057
K000395	21985	house	PA	12	200		0.498	0.171
D000482	29561	house	PA	18	100		-0.331	0.099
G000582	21992	house	PR	0	200		0.221	0.456
L000559	20136	house	RI	2	100		-0.375	0.114
C001084	21172	house	RI	1	100		-0.389	-0.262
W000795	20138	house	SC	2	200		0.53	0.16
D000615	21174	house	SC	3	200		0.695	-0.095
R000597	21359	house	SC	7	200		0.558	-0.217
N000190	21753	house	SC	5	200		0.849	-0.384
T000480	21974	house	SC	4	200		0.598	0.05
M000194	22132	house	SC	1	200		0.341	-0.287
C000537	39301	house	SC	6	100		-0.467	0.245
J000301	21935	house	SD	1	200		0.465	0.141
C000754	15019	house	TN	5	100		-0.164	-0.033
C001068	20748	house	TN	9	100		-0.39	-0.294
F000459	21178	house	TN	3	200		0.432	0.393
D000616	21179	house	TN	4	200		0.578	-0.047
K000392	21731	house	TN	8	200		0.542	0.345
B001309	21905	house	TN	2	200		0.666	-0.432
G000590	21926	house	TN	7	200		0.671	0.018
R000612	21959	house	TN	6	200		0.665	0.122
H001086	22122	house	TN	1	200		0.672	-0.094
B001248	20355	house	TX	26	200		0.565	-0.164
C001051	20356	house	TX	31	200		0.486	0.553
G000552	20527	house	TX	1	200		0.644	-0.406
G000553	20529	house	TX	9	100		-0.447	0.262
M001157	20530	house	TX	10	200		0.411	0.172
C001063	20533	house	TX	28	100		-0.225	0.633
W000814	21360	house	TX	14	200		0.72	0.025
C001091	21362	house	TX	20	100		-0.4	-0.125
W000816	21364	house	TX	25	200		0.594	0.057
V000131	21365	house	TX	33	100		-0.407	0.356
V000132	21366	house	TX	34	100		-0.311	0.407
B001291	21551	house	TX	36	200		0.709	0.117
A000375	21700	house	TX	19	200		0.642	-0.002
G000581	21722	house	TX	15	100		-0.384	0.843
C001115	21758	house	TX	27	200		0.69	-0.365
A000376	21900	house	TX	32	100		-0.422	0.723
C001120	21911	house	TX	2	200		0.434	0.274
E000299	21917	house	TX	16	100		-0.473	-0.274
F000468	21919	house	TX	7	100		-0.514	0.858
G000587	21922	house	TX	29	100		-0.783	0.319
G000589	21925	house	TX	5	200		0.721	-0.044
R000614	21961	house	TX	21	200		0.8	-0.6
T000479	21973	house	TX	3	200		0.581	-0.223
W000827	21984	house	TX	6	200		0.711	-0.09
F000246	22112	house	TX	4	200		0.714	0.126
G000594	22119	house	TX	23	200		0.341	0.234
J000304	22125	house	TX	13	200		0.785	0.16
N000026	22143	house	TX	22	200		0.609	-0.247
P000048	22147	house	TX	11	200		0.633	0.374
V000134	22155	house	TX	24	200		0.603	-0.001
E000071	22160	house	TX	6	200		0.514	0.695
F000473	22165	house	TX	34	200		0.336	0.623
D000399	29571	house	TX	35	100		-0.403	-0.331
J000032	29573	house	TX	18	100		-0.459	0.121
S000250	29759	house	TX	17	200		0.584	0.173
B000755	29760	house	TX	8	200		0.52	0.239
G000377	29762	house	TX	12	200		0.403	0.243
J000126	39305	house	TX	30	100		-0.485	0.198
S001192	21367	house	UT	2	200		0.499	0.167
C001114	21755	house	UT	3	200		0.449	0.115
M001213	22141	house	UT	1	200		0.365	0.323
O000086	22146	house	UT	4	200		0.452	0.162
W000800	20750	house	VT	1	100		-0.407	-0.383
P000610	21994	house	VI	0	100		-0.451	0.506
W000804	20756	house	VA	1	200		0.448	0.022
C001078	20952	house	VA	11	100		-0.309	-0.047
G000568	21191	house	VA	9	200		0.512	-0.342
B001292	21554	house	VA	8	100		-0.394	-0.102
M001200	21736	house	VA	4	100		-0.381	-0.017
C001118	21908	house	VA	6	200		0.717	-0.205
L000591	21941	house	VA	2	100		-0.206	0.426
S001209	21966	house	VA	7	100		-0.196	0.3
W000825	21983	house	VA	10	100		-0.384	0.302
G000595	22120	house	VA	5	200		0.8	-0.6
S000185	39307	house	VA	3	100		-0.45	-0.003
L000560	20145	house	WA	2	100		-0.365	0.163
M001159	20535	house	WA	5	200		0.436	0.098
H001056	21187	house	WA	3	200		0.336	-0.129
K000381	21368	house	WA	6	100		-0.316	0.005
N000189	21556	house	WA	4	200		0.318	0.328
J000298	21726	house	WA	7	100		-0.62	-0.552
S001216	21962	house	WA	8	100		-0.287	0.413
S001159	22153	house	WA	10	100		-0.446	0.36
S000510	29768	house	WA	9	100		-0.291	-0.166
D000617	31101	house	WA	1	100		-0.293	-0.203
M001180	21188	house	WV	1	200		0.3	0.178
M001195	21557	house	WV	2	200		0.568	-0.241
M001205	21946	house	WV	3	200		0.526	0.112
M001160	20537	house	WI	4	100		-0.522	-0.271
P000607	21370	house	WI	2	100		-0.524	-0.552
G000576	21559	house	WI	6	200		0.598	-0.204
G000579	21720	house	WI	8	200		0.437	0.033
S001213	21970	house	WI	1	200		0.417	0.064
T000165	21989	house	WI	7	200		0.641	-0.253
F000471	22115	house	WI	5	200		0.598	0.079
K000188	29769	house	WI	3	100		-0.26	-0.08
C001109	21710	house	WY	1	200		0.405	0.82
T000278	42102	senate	AL	0	200		0.936	-0.352
S000320	94659	senate	AL	0	200		0.446	0.57
M001153	40300	senate	AK	0	200		0.204	-0.304
S001198	41500	senate	AK	0	200		0.476	0.158
S001191	21300	senate	AZ	0	100		-0.105	0.076
K000377	41905	senate	AZ	0	100		-0.257	0.293
B001236	20101	senate	AR	0	200		0.427	0.338
C001095	21301	senate	AR	0	200		0.58	0.195
H001075	41701	senate	CA	0	100		-0.709	-0.105
P000145	42104	senate	CA	0	100		-0.422	-0.265
F000062	49300	senate	CA	0	100		-0.268	-0.184
B001267	40910	senate	CO	0	100		-0.236	-0.185
H000273	42101	senate	CO	0	100		-0.263	-0.042
M001169	20707	senate	CT	0	100		-0.284	-0.248
B001277	41101	senate	CT	0	100		-0.433	-0.164
C000174	15015	senate	DE	0	100		-0.179	-0.225
C001088	40916	senate	DE	0	100		-0.236	-0.219
R000595	41102	senate	FL	0	200		0.616	-0.184
S001217	41903	senate	FL	0	200		0.717	-0.023
L000594	41904	senate	GA	0	200		0.555	-0.203
O000174	42103	senate	GA	0	100		-0.454	0.46
W000790	42105	senate	GA	0	100		-0.418	0.401
H001042	20713	senate	HI	0	100		-0.515	-0.097
S001194	41112	senate	HI	0	100		-0.447	-0.11
C000880	29345	senate	ID	0	200		0.504	0.291
R000584	40902	senate	ID	0	200		0.551	0.384
D000563	15021	senate	IL	0	100		-0.345	-0.306
D000622	21325	senate	IL	0	100		-0.343	0.061
Y000064	21133	senate	IN	0	200		0.438	-0.023
B001310	41900	senate	IN	0	200		0.8	0.6
G000386	14226	senate	IA	0	200		0.362	-0.035
E000295	41502	senate	IA	0	200		0.538	-0.034
M001198	21734	senate	KS	0	200		0.606	0.142
M000934	29722	senate	KS	0	200		0.414	0.221
M000355	14921	senate	KY	0	200		0.403	0.019
P000603	41104	senate	KY	0	200		0.891	-0.454
C001075	20919	senate	LA	0	200		0.464	-0.047
K000393	41703	senate	LA	0	200		0.56	-0.153
K000383	41300	senate	ME	0	328		-0.169	-0.207
C001035	49703	senate	ME	0	200		0.122	-0.508
C000141	15408	senate	MD	0	100		-0.32	-0.224
V000128	20330	senate	MD	0	100		-0.397	-0.223
M000133	14435	senate	MA	0	100		-0.517	-0.469
W000817	41301	senate	MA	0	100		-0.744	-0.364
P000595	20923	senate	MI	0	100		-0.248	-0.184
S000770	29732	senate	MI	0	100		-0.343	-0.019
K000367	40700	senate	MN	0	100		-0.278	-0.331
S001203	41706	senate	MN	0	100		-0.406	-0.102
W000437	29534	senate	MS	0	200		0.377	0.341
H001079	41707	senate	MS	0	200		0.452	0.327
B000575	29735	senate	MO	0	200		0.398	0.18
H001089	41901	senate	MO	0	200		0.832	-0.372
D000618	21338	senate	MT	0	200		0.59	-0.027
T000464	40702	senate	MT	0	100		-0.213	0.153
F000463	41302	senate	NE	0	200		0.461	0.333
S001197	41503	senate	NE	0	200		0.669	-0.25
R000608	21743	senate	NV	0	100		-0.285	0.32
C001113	41700	senate	NV	0	100		-0.356	0.324
S001181	40906	senate	NH	0	100		-0.225	-0.145
H001076	41702	senate	NH	0	100		-0.229	0.039
M000639	29373	senate	NJ	0	100		-0.366	-0.126
B001288	41308	senate	NJ	0	100		-0.555	-0.25
H001046	20930	senate	NM	0	100		-0.333	-0.006
L000570	20932	senate	NM	0	100		-0.378	0.026
S000148	14858	senate	NY	0	100		-0.355	-0.418
G000555	20735	senate	NY	0	100		-0.451	-0.323
B001135	29548	senate	NC	0	200		0.435	-0.07
T000476	41504	senate	NC	0	200		0.388	-0.108
C001096	21350	senate	ND	0	200		0.398	0.371
H001061	41107	senate	ND	0	200		0.399	0.452
P000449	29386	senate	OH	0	200		0.371	-0.208
B000944	29389	senate	OH	0	100		-0.425	-0.097
I000024	15424	senate	OK	0	200		0.552	0.045
L000575	21166	senate	OK	0	200		0.591	0.147
W000779	14871	senate	OR	0	100		-0.332	-0.486
M001176	40908	senate	OR	0	100		-0.452	-0.729
T000461	29935	senate	PA	0	200		0.624	-0.378
C001070	40703	senate	PA	0	100		-0.313	0.166
R000122	29142	senate	RI	0	100		-0.361	-0.161
W000802	40704	senate	RI	0	100		-0.354	-0.109
S001184	21173	senate	SC	0	200		0.629	0.021
G000359	29566	senate	SC	0	200		0.367	-0.273
T000250	29754	senate	SD	0	200		0.433	0.226
R000605	41505	senate	SD	0	200		0.353	0.08
B001243	20351	senate	TN	0	200		0.632	0.14
H000601	42100	senate	TN	0	200		0.681	-0.092
C001056	40305	senate	TX	0	200		0.47	-0.063
C001098	41304	senate	TX	0	200		0.78	-0.178
L000577	41110	senate	UT	0	200		0.891	-0.454
R000615	41902	senate	UT	0	200		0.286	0.294
L000174	14307	senate	VT	0	100		-0.36	-0.121
S000033	29147	senate	VT	0	328		-0.544	-0.423
W000805	40909	senate	VA	0	100		-0.208	-0.039
K000384	41305	senate	VA	0	100		-0.243	-0.099
C000127	39310	senate	WA	0	100		-0.306	-0.402
M001111	49308	senate	WA	0	100		-0.355	-0.316
C001047	20146	senate	WV	0	200		0.283	0.144
M001183	40915	senate	WV	0	100		-0.057	0.4
B001230	29940	senate	WI	0	100		-0.487	-0.125
J000293	41111	senate	WI	0	200		0.641	-0.141
L000571	20953	senate	WY	0	200		0.686	-0.33
B001261	40707	senate	WY	0	200		0.539	0.193
S001220	22366	house	AL	5	200		0.615	0.359
G000551	20305	house	AZ	7	100		-0.598	-0.264
G000565	21103	house	AZ	9	200		0.703	-0.517
S001183	21105	house	AZ	1	200		0.553	-0.218
G000574	21502	house	AZ	3	100		-0.359	0.142
S001211	21968	house	AZ	4	100		-0.276	0.259
C001133	22309	house	AZ	6	200		0.29	0.713
C001132	22311	house	AZ	2	200		0.753	-0.658
P000197	15448	house	CA	11	100		-0.489	-0.179
S001150	20104	house	CA	30	100		-0.353	-0.114
I000056	20107	house	CA	48	200		0.478	0.024
C001059	20501	house	CA	21	100		-0.198	0.448
M001163	20538	house	CA	7	100		-0.434	-0.142
M001165	20703	house	CA	20	200		0.453	0.233
M001177	20903	house	CA	5	200		0.671	-0.365
C001080	20955	house	CA	28	100		-0.482	-0.37
G000559	20958	house	CA	8	100		-0.314	-0.098
B001287	21304	house	CA	6	100		-0.247	0.009
S001193	21306	house	CA	14	100		-0.355	-0.049
V000129	21307	house	CA	22	200		0.258	0.438
R000599	21311	house	CA	25	100		-0.259	0.046
T000472	21312	house	CA	39	100		-0.458	-0.328
V000130	21314	house	CA	52	100		-0.398	0.023
P000608	21315	house	CA	50	100		-0.193	-0.033
D000623	21504	house	CA	10	100		-0.514	-0.362
A000371	21506	house	CA	33	100		-0.323	0.14
L000582	21507	house	CA	36	100		-0.374	-0.205
P000613	21740	house	CA	19	100		-0.29	0.189
H001090	21930	house	CA	9	100		-0.298	0.47
P000618	21954	house	CA	47	100		-0.236	-0.332
G000061	21988	house	CA	27	200		0.356	0.097
J000305	22126	house	CA	51	100		-0.405	-0.426
K000397	22129	house	CA	40	200		0.255	0.374
O000019	22145	house	CA	23	200		0.316	0.284
S001135	22152	house	CA	45	200		0.37	0.275
D000633	22317	house	CA	13	200		0.335	0.002
G000598	22323	house	CA	42	100		-0.377	-0.604
K000400	22333	house	CA	37	100		-0.526	-0.469
K000401	22336	house	CA	3	200		0.252	0.421
M001225	22354	house	CA	15	100		-0.5	0.012
F000480	22378	house	CA	20	200		0.461	0.887
E000215	29312	house	CA	16	100		-0.379	-0.372
C000059	29323	house	CA	41	200		0.339	0.276
L000397	29504	house	CA	18	100		-0.397	-0.402
S000344	29707	house	CA	32	100		-0.344	-0.137
L000551	29778	house	CA	12	100		-0.676	-0.582
T000460	29901	house	CA	4	100		-0.392	0.072
N000179	29903	house	CA	31	100		-0.448	-0.247
C001134	22306	house	CO	8	100		-0.256	0.626
P000620	22359	house	CO	7	100		-0.365	0.341
L000604	22380	house	CO	4	200		0.894	0.448
D000600	20316	house	FL	26	200		0.281	0.158
W000797	20504	house	FL	25	100		-0.415	0.102
F000462	21321	house	FL	22	100		-0.396	-0.024
M001199	21735	house	FL	21	200		0.462	-0.346
R000609	21744	house	FL	5	200		0.431	0.071
F000472	22116	house	FL	18	200		0.624	0.191
G000593	22118	house	FL	28	200		0.331	0.136
B001314	22302	house	FL	4	200		0.679	-0.156
F000476	22321	house	FL	10	100		-0.432	-0.713
L000597	22341	house	FL	15	200		0.411	0.159
L000596	22343	house	FL	13	200		0.565	-0.497
M001216	22350	house	FL	7	200		0.607	-0.294
M001217	22353	house	FL	23	100		-0.231	0.323
M001208	21944	house	GA	7	100		-0.355	0.288
C001129	22310	house	GA	10	200		0.675	-0.264
M001218	22346	house	GA	6	200		0.891	0.454
M001219	22373	house	GU	0	200		0.443	0.432
T000487	22369	house	HI	2	100		-0.473	-0.366
L000585	21562	house	IL	16	200		0.46	0.223
B001315	22304	house	IL	13	100		-0.337	0.52
J000309	22330	house	IL	1	100		-0.329	-0.462
R000617	22360	house	IL	3	100		-0.496	-0.868
S001225	22365	house	IL	17	100		-0.245	0.272
H001093	22326	house	IN	9	200		0.633	0.219
H001091	22124	house	IA	2	200		0.349	0.349
M001215	22139	house	IA	1	200		0.336	0.195
N000193	22356	house	IA	3	200		0.292	0.201
M001220	22347	house	KY	3	100		-0.521	0.021
I000058	22329	house	MD	4	100		-0.451	-0.059
W000798	20725	house	MI	5	200		0.499	0.159
H001058	21142	house	MI	4	200		0.532	0.047
K000380	21372	house	MI	8	100		-0.359	-0.183
M001194	21526	house	MI	2	200		0.448	0.165
D000624	21529	house	MI	6	100		-0.402	-0.189
S001208	21965	house	MI	7	100		-0.346	0.752
T000481	21975	house	MI	12	100		-0.29	-0.957
M001136	22136	house	MI	9	200		0.55	0.157
J000307	22332	house	MI	10	200		0.312	0.416
S001221	22363	house	MI	3	100		-0.249	0.219
T000488	22368	house	MI	13	100		-0.346	-0.04
E000235	22319	house	MS	4	200		0.556	0.148
A000379	22300	house	MO	4	200		0.58	0.053
B001316	22305	house	MO	7	200		0.733	-0.518
Z000018	21532	house	MT	1	200		0.441	-0.133
R000103	22148	house	MT	2	200		0.753	-0.658
K000398	22334	house	NJ	7	200		0.2	0.377
M001226	22348	house	NJ	8	100		-0.52	0.276
M001229	22381	house	NJ	10	100		-0.603	-0.103
V000136	22371	house	NM	2	100		-0.326	0.554
T000478	21749	house	NY	24	200		0.463	0.012
R000579	22169	house	NY	18	100		-0.237	0.258
D000632	22313	house	NY	4	200		0.24	0.188
G000599	22324	house	NY	10	100		-0.43	0.144
L000598	22337	house	NY	1	200		0.256	0.1
L000600	22339	house	NY	23	200		0.419	-0.05
L000599	22340	house	NY	17	200		0.193	0.254
M001221	22351	house	NY	19	200		0.25	0.104
S001222	22362	house	NY	3	200		0.473	-0.421
W000828	22372	house	NY	22	200		0.314	0.11
K000402	22377	house	NY	26	100		-0.358	0.26
N000002	29377	house	NY	12	100		-0.507	-0.479
H001067	21346	house	NC	9	200		0.523	0.209
B001311	21986	house	NC	8	200		0.703	-0.366
D000230	22314	house	NC	1	100		-0.25	0.873
E000246	22318	house	NC	11	200		0.391	0.462
F000477	22320	house	NC	4	100		-0.498	-0.276
J000308	22331	house	NC	14	100		-0.263	0.171
N000194	22355	house	NC	13	100		-0.243	0.246
L000601	22338	house	OH	1	100		-0.22	0.232
M001222	22349	house	OH	7	200		0.386	0.042
S001223	22367	house	OH	13	100		-0.313	0.134
R000619	22379	house	OH	6	200		0.41	-0.104
B001317	22303	house	OK	2	200		0.858	-0.471
C001135	22308	house	OR	5	200		0.167	0.426
H001094	22327	house	OR	4	100		-0.225	-0.372
S001226	22361	house	OR	6	100		-0.218	-0.204
D000530	22316	house	PA	17	100		-0.248	-0.15
L000602	22342	house	PA	12	100		-0.414	-0.91
M001223	22345	house	RI	2	100		-0.332	0.184
A000380	22375	house	RI	1	100		-0.447	-0.032
F000478	22322	house	SC	7	200		0.538	-0.281
O000175	22357	house	TN	5	200		0.798	-0.351
G000581	21722	house	TX	34	100		-0.384	0.843
C001131	22307	house	TX	35	100		-0.421	-0.87
C001130	22312	house	TX	30	100		-0.492	-0.216
D000594	22315	house	TX	15	200		0.468	0.133
H001095	22328	house	TX	38	200		0.59	-0.29
L000603	22344	house	TX	8	200		0.604	-0.043
M001224	22352	house	TX	1	200		0.575	0.554
S001224	22364	house	TX	3	200		0.832	-0.226
L000605	22382	house	TX	18	100		-0.331	-0.379
D000399	29571	house	TX	37	100		-0.403	-0.331
M001228	22376	house	UT	2	200		0.426	0.073
B001318	22301	house	VT	1	100		-0.46	-0.465
K000399	22335	house	VA	2	200		0.261	0.439
M001227	22374	house	VA	4	100		-0.551	0.053
G000600	22358	house	WA	3	100		-0.09	0.338
M001205	21946	house	WV	1	200		0.526	0.112
V000135	22370	house	WI	3	200		0.378	-0.017
W000829	22383	house	WI	8	200		0.456	-0.38
H001096	22325	house	WY	1	200		0.651	-0.376
B001319	42300	senate	AL	0	200		0.585	0.585
S001191	91300	senate	AZ	0	328		-0.186	0.387
S001150	20104	senate	CA	0	100		-0.353	-0.114
B001320	42305	senate	CA	0	100		-0.447	-0.073
S001227	42303	senate	MO	0	200		0.92	0.046
R000618	42302	senate	NE	0	200		0.437	0.524
K000394	21937	senate	NJ	0	100		-0.399	0.241
H001097	42306	senate	NJ	0	100		-0.347	-0.308
B001305	21708	senate	NC	0	200		0.633	-0.076
V000137	42304	senate	OH	0	200		0.85	-0.527
M001190	21355	senate	OK	0	200		0.533	0.252
F000479	42301	senate	PA	0	100		-0.192	0.039
W000800	20750	senate	VT	0	100		-0.407	-0.383
M001183	90915	senate	WV	0	328		-0.06	-0.805
M001212	22140	house	AL	1	200		0.645	-0.249
F000481	22515	house	AL	2	100		-0.369	0.498
B001323	22503	house	AK	1	200		0.612	-0.032
A000381	22500	house	AZ	3	100		-0.643	0.447
H001098	22522	house	AZ	8	200		0.674	-0.084
C001123	21907	house	CA	31	100		-0.481	0.717
F000483	22516	house	CA	30	100		-0.385	-0.12
G000605	22521	house	CA	13	100		-0.247	0.844
L000607	22532	house	CA	16	100		-0.379	-0.101
M001241	22541	house	CA	47	100		-0.234	0.114
R000620	22550	house	CA	29	100		-0.667	-0.072
S001231	22553	house	CA	12	100		-0.94	0.341
T000491	22556	house	CA	45	100		-0.253	0.204
W000830	22559	house	CA	27	100		-0.189	0.225
B000825	22103	house	CO	4	200		0.736	-0.492
C001137	22509	house	CO	5	200		0.745	-0.138
E000300	22513	house	CO	8	200		0.373	0.531
H001100	22526	house	CO	3	200		0.375	0.532
M001238	22535	house	DE	1	100		-0.245	-0.296
H001099	22523	house	FL	8	200		0.478	-0.129
F000484	22562	house	FL	6	200		0.814	0.198
P000622	22563	house	FL	1	200		0.805	0.262
M001218	22346	house	GA	7	200		0.891	0.454
J000311	22527	house	GA	3	200		0.522	-0.209
S001188	21100	house	IN	3	200		0.723	-0.109
M001233	22540	house	IN	8	200		0.468	0.007
S001229	22552	house	IN	6	200		0.425	0.01
S001228	22551	house	KS	2	200		0.896	0.444
F000110	29354	house	LA	6	100		-0.454	0.096
E000301	22512	house	MD	3	100		-0.308	-0.155
M001232	22536	house	MD	6	100		-0.279	0.265
O000176	22545	house	MD	2	100		-0.296	-0.289
B001321	22501	house	MI	7	200		0.514	-0.176
M001237	22537	house	MI	8	100		-0.238	0.457
M001234	22544	house	MN	3	100		-0.273	-0.452
B001324	22504	house	MO	1	100		-0.571	0.688
O000177	22546	house	MO	3	200		0.769	-0.018
D000634	22511	house	MT	2	200		0.88	0.475
G000604	22520	house	NH	2	100		-0.261	0.244
C001136	22508	house	NJ	3	100		-0.236	-0.057
P000621	22547	house	NJ	9	100		-0.345	0.129
G000602	22518	house	NY	4	100		-0.16	0.308
L000606	22531	house	NY	16	100		-0.419	0.34
M001231	22534	house	NY	22	100		-0.197	-0.003
R000622	22549	house	NY	19	100		-0.201	0.158
H001101	22524	house	NC	10	200		0.983	0.182
H001102	22525	house	NC	8	200		0.804	-0.096
K000405	22530	house	NC	13	200		0.755	-0.051
M001240	22538	house	NC	6	200		0.529	-0.223
M001236	22542	house	NC	14	200		0.505	-0.159
F000482	22514	house	ND	1	200		0.64	0.32
K000404	22561	house	MP	0	200			
T000490	22555	house	OH	2	200		0.679	0.561
B001326	22507	house	OR	5	100		-0.265	0.177
D000635	22510	house	OR	3	100		-0.487	-0.616
B001327	22506	house	PA	8	200		0.373	0.531
M001230	22533	house	PA	7	200		0.338	-0.223
H001103	22560	house	PR	0	100			
B001325	22505	house	SC	3	200		0.765	-0.27
G000603	22517	house	TX	26	200		0.981	0.194
G000601	22519	house	TX	12	200		0.856	0.517
J000310	22528	house	TX	32	100		-0.398	0.475
T000489	22557	house	TX	18	100		-0.746	0.666
K000403	22529	house	UT	3	200		0.862	0.161
M001239	22539	house	VA	5	200		0.713	-0.332
S001230	22554	house	VA	10	100		-0.29	0.139
V000138	22558	house	VA	7	100		-0.177	0.062
B001322	22502	house	WA	5	200		0.424	0.01
R000621	22548	house	WA	6	100		-0.684	-0.009
M001235	22543	house	WV	2	200		0.801	0.167
G000574	21502	senate	AZ	0	100		-0.359	0.142
B001303	21706	senate	DE	0	100		-0.38	-0.137
M001244	42506	senate	FL	0	200		0.733	0.177
B001299	21702	senate	IN	0	200		0.647	0.011
A000382	42500	senate	MD	0	100		-0.433	-0.002
S001208	21965	senate	MI	0	100		-0.346	0.752
S001232	42503	senate	MT	0	200		0.666	0.746
M001242	42502	senate	OH	0	200		0.767	0.142
H001104	42505	senate	OH	0	200		0.717	0.643
M001243	42501	senate	PA	0	200		0.557	0.606
C001114	21755	senate	UT	0	200		0.449	0.115
J000312	42504	senate	WV	0	200		0.664	0.616
